Date,Return,Score
2020-01-02,,0.0
2020-01-03,-0.008388244746052265,-0.9367675185203552
2020-01-06,0.007009023411901127,-0.9653811454772949
2020-01-07,-0.02064081377851934,0.0
2020-01-08,0.004533692061579719,-0.8834717869758606
2020-01-09,-0.012197914935210608,0.0
2020-01-10,0.006297801244548262,-0.9577251076698303
2020-01-13,-0.0025771263388629784,-0.9729958772659302
2020-01-14,-0.01562500305487058,-0.5735204219818115
2020-01-15,0.0019998552096089917,0.45860764384269714
2020-01-16,-0.006236851288525358,0.0
2020-01-17,0.004518727451989779,-0.9496669173240662
2020-01-21,-0.015244364043097813,-0.9416723251342773
2020-01-22,-0.00888200895641389,0.0
2020-01-23,0.0019203296155556604,0.0
2020-01-24,-0.006644613391851517,-0.890031099319458
2020-01-27,-0.02778475058758978,-0.9336058497428894
2020-01-28,0.008996982713442625,0.0
2020-01-29,-0.0038027583490748418,-0.9217414855957031
2020-01-30,0.002632494923269668,0.0
2020-01-31,-0.011421651536618116,0.0
2020-02-03,-0.0027888722414777245,-0.8863033056259155
2020-02-04,0.01598081544516239,-0.9559444189071655
2020-02-05,0.004980968689833887,0.0
2020-02-06,-0.0013043337228924035,0.5458678007125854
2020-02-07,-0.023116111856807064,-0.8707383275032043
2020-02-10,-0.002807514749278206,0.7513875365257263
2020-02-11,-0.0075075711657625055,-0.8798344135284424
2020-02-12,0.00040506113911686903,-0.8652197122573853
2020-02-13,-0.00486091129105104,0.0
2020-02-14,-0.0033921336222928478,-0.9543337821960449
2020-02-18,0.0006807575068850102,-0.9667865633964539
2020-02-19,0.0013605887827421448,0.0
2020-02-20,-0.004619565188055286,-0.5847261548042297
2020-02-21,-0.02265893957637799,-0.9466665387153625
2020-02-24,-0.031285004730736476,0.0
2020-02-25,-0.035178736961822166,-0.9359914660453796
2020-02-26,-0.009414141735559323,-0.6729216575622559
2020-02-27,-0.09171834429813064,-0.9541758298873901
2020-02-28,-0.030559731689316805,-0.7262957096099854
2020-03-02,0.003940468602336544,-0.8749011158943176
2020-03-03,-0.03327638537766309,-0.8245317339897156
2020-03-04,0.020476563194165687,-0.5866623520851135
2020-03-05,-0.038747663636179985,0.0
2020-03-06,-0.03185165914179988,-0.9580021500587463
2020-03-09,-0.10223049699699338,-0.9575507640838623
2020-03-10,0.05859210462786546,0.8839573860168457
2020-03-11,-0.0377469410893827,-0.9706830382347107
2020-03-12,-0.10548787937293425,0.0
2020-03-13,0.006362254570704051,0.8727514743804932
2020-03-16,-0.16008133606570463,-0.9193560481071472
2020-03-17,0.024193594033625976,-0.6528856754302979
2020-03-18,-0.07664028075274198,0.5597140789031982
2020-03-19,0.03354179415736769,0.7850489020347595
2020-03-20,0.10836067363173685,0.8624056577682495
2020-03-23,0.03722097747788222,-0.6698784828186035
2020-03-24,0.050956831182621176,0.0
2020-03-25,0.037787430982470394,0.0
2020-03-26,0.01557347192376124,0.0
2020-03-27,-0.07149020434941611,0.8221432566642761
2020-03-30,-0.002791401124230708,0.0
2020-03-31,0.02915804017150414,-0.9389022588729858
2020-04-01,-0.02425216495862781,-0.9522687792778015
2020-04-02,0.021370608915992628,-0.9512737989425659
2020-04-03,-0.01159881663573148,-0.9606344699859619
2020-04-06,0.028071756077164833,-0.9248820543289185
2020-04-07,0.04677711661299955,0.0
2020-04-08,0.02416076027643954,0.9368680715560913
2020-04-09,0.02087692836207755,-0.8957006931304932
2020-04-13,0.01022487577289799,-0.9627454280853271
2020-04-14,-0.026923183944878804,0.516575276851654
2020-04-15,-0.05263143540413617,0.0
2020-04-16,-0.000878394794361359,-0.9263238310813904
2020-04-17,0.009889996285652236,-0.7698003053665161
2020-04-20,-0.029597389970997257,-0.9644374847412109
2020-04-21,-0.03251840927341454,-0.9636214375495911
2020-04-22,-0.03546601544952388,0.0
2020-04-23,0.0076905773551838585,-0.9598764777183533
2020-04-24,-0.00047705787465268656,-0.6932374835014343
2020-04-27,0.05368642669993284,-0.966300368309021
2020-04-28,0.06091488972561154,-0.8507459163665771
2020-04-29,0.03863391373779157,0.0
2020-04-30,-0.04397853284710507,0.6447400450706482
2020-05-01,-0.03718835912178964,0.0
2020-05-04,-0.05358336799959551,0.0
2020-05-05,-0.02123136679055848,-0.9668254852294922
2020-05-06,0.027476554365471806,-0.967514157295227
2020-05-07,-0.004691498250683268,-0.6765273809432983
2020-05-08,0.021446925936870365,-0.9555190801620483
2020-05-11,-0.014074741401468138,-0.9619987607002258
2020-05-12,-0.028551428440733106,0.0
2020-05-13,-0.03131763195963466,0.0
2020-05-14,-0.01715989725066791,-0.8540551066398621
2020-05-15,0.011386508371323822,0.0
2020-05-18,0.07855912566237744,0.0
2020-05-19,-0.042913675933271,0.0
2020-05-20,0.022297738980997517,-0.5121836066246033
2020-05-21,-0.024419143158513568,0.0
2020-05-22,-0.006075339304919658,-0.9478731155395508
2020-05-26,0.0855746452748185,0.0
2020-05-27,0.06171168156346396,-0.8605827689170837
2020-05-28,0.0072124732021574545,0.5987982749938965
2020-05-29,-0.012636894389929099,0.7984859943389893
2020-06-01,0.043728741972202556,-0.7513394951820374
2020-06-02,0.013079865653999878,0.0
2020-06-03,0.09663091202116347,-0.5370645523071289
2020-06-04,0.01232539438755298,-0.8273167610168457
2020-06-05,0.03906957268782896,-0.730871856212616
2020-06-08,0.012941468281539192,0.9321932196617126
2020-06-09,-0.03937658895634821,-0.9556364417076111
2020-06-10,-0.02758115847777387,0.0
2020-06-11,-0.08621014257358517,-0.717872142791748
2020-06-12,0.051255818333792336,-0.7155876755714417
2020-06-15,-0.014957220205375377,-0.8953589200973511
2020-06-16,0.029579963341064497,-0.8804033994674683
2020-06-17,-0.016471997897512525,-0.8772424459457397
2020-06-18,0.00837393437822831,0.573133647441864
2020-06-19,-0.02587869411057242,-0.9562528729438782
2020-06-22,0.008723242518265284,0.0
2020-06-23,0.023978002956048128,0.0
2020-06-24,-0.061036519329593086,0.6079667210578918
2020-06-25,0.020237199029891073,-0.505906343460083
2020-06-26,-0.03726711257596027,0.0
2020-06-29,0.02601451242597297,0.0
2020-06-30,0.0,-0.7495055794715881
2020-07-01,-0.006693657762861571,-0.7928290367126465
2020-07-02,0.02327952253462806,0.0
2020-07-06,0.05487921280441421,0.0
2020-07-07,-0.006242855428564065,-0.727450430393219
2020-07-08,-0.002284444845294331,0.0
2020-07-09,-0.026712455170908034,-0.9694159030914307
2020-07-10,0.05391102477741305,0.0
2020-07-13,-0.024367528222273283,0.0
2020-07-14,0.01124886001168579,-0.9299267530441284
2020-07-15,0.0211160736376923,-0.5109065175056458
2020-07-16,-0.004615928411405457,-0.8247932195663452
2020-07-17,-0.0011129835206470373,-0.7470276951789856
2020-07-20,-0.005013933275921922,0.0
2020-07-21,0.03490109244468931,0.0
2020-07-22,-0.01767359719410433,0.0
2020-07-23,0.0014686732996567198,-0.9605690240859985
2020-07-24,-0.0003665937975532163,0.0
2020-07-27,-0.008252251297891089,-0.809367299079895
2020-07-28,0.028846022313683273,0.883546769618988
2020-07-29,0.019051106681048813,-0.9266520142555237
2020-07-30,0.02433858967513247,-0.8991078734397888
2020-07-31,-0.06284434673782191,0.5246685147285461
2020-08-03,0.0,-0.6666316986083984
2020-08-04,0.023700176254639604,-0.9189695715904236
2020-08-05,0.001256277592079691,-0.5677895545959473
2020-08-06,-0.016311187938165106,-0.9389222264289856
2020-08-07,-0.01129743425968932,-0.9124484062194824
2020-08-10,0.005344672953342622,-0.9441009759902954
2020-08-11,0.02529792959624544,-0.932127833366394
2020-08-12,0.017879538639939296,-0.9606456756591797
2020-08-13,-0.010363651595179935,-0.9702722430229187
2020-08-14,-0.0021298890802378123,-0.8968822956085205
2020-08-17,-0.0005336962888055075,-0.7616400122642517
2020-08-18,0.018686613359111925,-0.9613099694252014
2020-08-19,0.0013976689568382383,0.9456539750099182
2020-08-20,-0.009944260516490555,-0.9425106644630432
2020-08-21,-0.01991188502381691,0.0
2020-08-24,0.030924238572763496,-0.94218909740448
2020-08-25,0.013079804885842039,-0.9562282562255859
2020-08-26,0.021346229362989355,0.0
2020-08-27,-0.006236314867709591,-0.8531854152679443
2020-08-28,0.003392139041794584,0.0
2020-08-31,-0.017072303770606645,-0.9281303286552429
2020-09-01,-0.009114456980967467,-0.6791874766349792
2020-09-02,0.03366894007293064,0.0
2020-09-03,-0.010073900907667355,-0.9721480011940002
2020-09-04,-0.008819588204758366,-0.952106237411499
2020-09-08,-0.046201151978565114,-0.9640498161315918
2020-09-09,0.026193049571590077,-0.5546645522117615
2020-09-10,-0.005594447351745857,-0.9680951237678528
2020-09-11,-0.01283400751178998,-0.9701950550079346
2020-09-14,0.0017809484557929078,0.0
2020-09-15,0.0033777374335910437,-0.63380366563797
2020-09-16,0.010808014468321359,-0.8131065368652344
2020-09-17,0.01665199805767381,-0.9244701862335205
2020-09-18,-0.0075862128856185596,-0.7092433571815491
2020-09-21,-0.05385684747791597,0.0
2020-09-22,-0.0022034866766224015,0.8948797583580017
2020-09-23,-0.033308789643683,0.0
2020-09-24,0.006662914192338221,0.47789639234542847
2020-09-25,-0.001134662265335984,0.0
2020-09-28,0.029534283853103416,0.0
2020-09-29,-0.0018389884362404185,0.0
2020-09-30,-0.007369143708850334,0.0
2020-10-01,-0.005196790736877732,-0.9696142673492432
2020-10-02,0.007462706290398025,0.9462796449661255
2020-10-05,0.02388890054816062,-0.7170083522796631
2020-10-06,0.027672281692494582,-0.9492588639259338
2020-10-07,0.02851105108032903,-0.8416785597801208
2020-10-08,0.02036283917696724,-0.4563288688659668
2020-10-09,-0.0021801228779734227,-0.8569860458374023
2020-10-12,0.007899173424292139,0.0
2020-10-13,-0.03018174967849696,-0.8709319233894348
2020-10-14,-0.014270952221568822,-0.8586887717247009
2020-10-15,-0.042037413629650744,0.0
2020-10-16,0.009104103717883838,0.0
2020-10-19,0.001984898018275727,-0.7810159921646118
2020-10-20,0.025031530346018238,0.0
2020-10-21,-0.023366126417054267,0.0
2020-10-22,0.010433459214768792,-0.6186904311180115
2020-10-23,0.0252804942875533,-0.566072404384613
2020-10-26,-0.015974995813207604,-0.5599155426025391
2020-10-27,-0.02505737245608275,0.0
2020-10-28,-0.04036196055366681,-0.9693543314933777
2020-10-29,0.006978434960885238,-0.9203898310661316
2020-10-30,-0.027720516672912976,0.0
2020-11-02,0.006357180726833445,0.0
2020-11-03,0.030819277030385672,-0.7792571187019348
2020-11-04,0.0037139569882493895,-0.7232424020767212
2020-11-05,0.04014811050627953,-0.7618180513381958
2020-11-06,0.008182106552796498,-0.8450886607170105
2020-11-09,0.10303455604260225,-0.8614202737808228
2020-11-10,0.06525913689471774,0.0
2020-11-11,0.005855829720436301,0.0
2020-11-12,-0.029108751792456422,-0.9628242254257202
2020-11-13,0.020295218468043164,0.6723081469535828
2020-11-16,0.024713674506155803,0.0
2020-11-17,-0.021323554771435327,0.0
2020-11-18,-0.009917392705951156,-0.5983235239982605
2020-11-19,0.0012141240671161846,-0.9535983204841614
2020-11-20,-0.014097240713222936,-0.612089991569519
2020-11-23,0.01998762990610259,0.0
2020-11-24,0.03843835970707521,-0.804345965385437
2020-11-25,-0.013064282397239446,-0.9713501334190369
2020-11-27,0.006471487223188133,-0.8005550503730774
2020-11-30,-0.025573560083426927,-0.9647057056427002
2020-12-01,0.016946483942727797,-0.9258823394775391
2020-12-02,0.0028021458048939074,0.0
2020-12-03,0.013382253919321796,-0.9438765048980713
2020-12-04,0.02365410975252935,-0.8833370804786682
2020-12-07,-0.0072299423572671495,0.0
2020-12-08,-0.0029986495232424693,0.9460092186927795
2020-12-09,0.009309535897243926,0.4991860091686249
2020-12-10,0.004115253912473138,0.7292730212211609
2020-12-11,-0.015828214936199125,-0.5618469715118408
2020-12-14,0.005169524441948736,-0.9735606908798218
2020-12-15,0.010571332236104292,0.0
2020-12-16,-0.007916289983906144,-0.5779860615730286
2020-12-17,0.018096422297176895,0.6509000658988953
2020-12-18,0.0006997643183201951,0.0
2020-12-21,-0.020839231253200308,0.0
2020-12-22,-0.005141978846864403,0.0
2020-12-23,0.012203765965296265,-0.9634087681770325
2020-12-24,0.0007093054421722922,0.0
2020-12-28,0.0002833425903068232,-0.9689577221870422
2020-12-29,0.005951631507380428,0.0
2020-12-30,-0.004789408270503892,0.5004780888557434
2020-12-31,-0.01047407302944292,0.9182875156402588
2021-01-04,-0.002002681048445698,-0.8582234978675842
2021-01-05,0.014046222001235842,-0.6742464900016785
2021-01-06,0.015264922813856385,-0.9315553903579712
2021-01-07,-0.008770737110710969,-0.9481621980667114
2021-01-08,-0.0016854198362242778,-0.8121814727783203
2021-01-11,-0.027715208426799864,-0.8897494077682495
2021-01-12,-0.0015916525753922883,-0.7980394959449768
2021-01-13,0.00101454674112067,0.0
2021-01-14,0.004053846032015418,-0.9093132019042969
2021-01-15,-0.010237932985207032,-0.9636992812156677
2021-01-19,-0.004370698024093622,-0.8696020841598511
2021-01-20,-0.0005852412116220673,-0.9253379702568054
2021-01-21,-0.007174382443452032,0.0
2021-01-22,-0.017696321394425008,0.8881007432937622
2021-01-25,-0.02867442884253346,-0.8677592873573303
2021-01-26,0.006800563040105123,0.0
2021-01-27,-0.025790589141562514,-0.937279224395752
2021-01-28,0.024582491760580805,0.0
2021-01-29,-0.03583516557337463,-0.5000805258750916
2021-02-01,0.018982299574022754,-0.9683758616447449
2021-02-02,0.03130866239302699,-0.9722349047660828
2021-02-03,-0.0065270421047852745,0.0
2021-02-04,0.0015280082131869932,-0.6470224261283875
2021-02-05,0.0012203614812880126,-0.5030732154846191
2021-02-08,-0.008532657717345016,0.6605840921401978
2021-02-09,-0.005686192882571106,0.0
2021-02-10,-0.0030911373731249414,0.5408534407615662
2021-02-11,-0.011782988129770855,-0.6802878379821777
2021-02-12,-0.002823893315579973,-0.6055903434753418
2021-02-16,0.01840778204585769,-0.9640427231788635
2021-02-17,-0.006179591439235743,0.0
2021-02-18,-0.006684246648242409,-0.858325183391571
2021-02-19,0.008763605091858251,0.0
2021-02-22,-0.0017064098450563225,-0.6353979706764221
2021-02-23,0.010411831355812806,0.8747376203536987
2021-02-24,0.0035373882878253493,0.5355951189994812
2021-02-25,-0.07877395527905662,0.0
2021-02-26,-0.03959402227653497,0.0
2021-03-01,0.027888291424486455,-0.7400372624397278
2021-03-02,-0.0026962803930017376,0.0
2021-03-03,0.0005069359934797291,-0.9329268932342529
2021-03-04,0.020435704184980752,-0.8835560083389282
2021-03-05,0.008937448541124215,-0.6728548407554626
2021-03-08,0.005905475723683384,0.0
2021-03-09,0.01402490244307808,0.876483678817749
2021-03-10,0.01897705971162833,-0.954414963722229
2021-03-11,-0.015624935953705066,0.5113430023193359
2021-03-12,0.008016632379702182,0.0
2021-03-15,-0.003181175870906827,-0.9757009148597717
2021-03-16,-0.013084407317839664,0.0
2021-03-17,0.032013057215853014,0.0
2021-03-18,-0.016763375206220843,0.0
2021-03-19,0.02437859254881003,-0.8754120469093323
2021-03-22,-0.013999103316047479,0.0
2021-03-23,-0.00930744296230157,-0.9708600044250488
2021-03-24,-0.01210189254906946,0.0
2021-03-25,0.0,0.0
2021-03-26,0.0204707112386866,0.5754236578941345
2021-03-29,0.01247820784093201,-0.7622336149215698
2021-03-30,-0.001871981603087547,0.0
2021-03-31,-0.017661881928233147,-0.8410588502883911
2021-04-01,0.014956334912510805,-0.4839474558830261
2021-04-05,0.008622032407678892,0.0
2021-04-06,-0.006838674986156423,-0.8693104982376099
2021-04-07,-0.005164338763823828,0.7775947451591492
2021-04-08,0.024697118576648913,-0.7915952801704407
2021-04-09,0.0038379884866386327,-0.8733998537063599
2021-04-12,-0.004893751281027647,-0.8159911036491394
2021-04-13,-0.010604010741043446,0.0
2021-04-14,0.012115632651269914,0.0
2021-04-15,0.03944147098133777,-0.8300498127937317
2021-04-16,0.006053270875244099,-0.9580010771751404
2021-04-19,0.008365147156690789,0.0
2021-04-20,-0.020375430682816886,-0.973558247089386
2021-04-21,0.03446738541631711,0.6580682992935181
2021-04-22,0.008616997793617243,0.0
2021-04-23,0.0031325388693006495,0.0
2021-04-26,0.0019871072620123442,0.0
2021-04-27,-0.003683150911300004,0.0
2021-04-28,0.014218720660915007,0.0
2021-04-29,0.011355628490157699,0.0
2021-04-30,-0.01635694099511864,-0.9484972357749939
2021-05-03,0.009441679763012578,-0.9455882906913757
2021-05-04,-0.00625052119722147,-0.7847853302955627
2021-05-05,0.000425219002712085,-0.9739567637443542
2021-05-06,0.06202199081249837,0.0
2021-05-07,-0.005466810006317546,0.0
2021-05-10,0.00388792871272714,-0.9548288583755493
2021-05-11,-0.007077959383108845,-0.5616045594215393
2021-05-12,-0.005245355519532202,-0.9521217942237854
2021-05-13,0.013520844551811129,-0.5441652536392212
2021-05-14,0.009338256209157958,-0.9460293650627136
2021-05-17,-0.0042294629617690704,-0.4986417293548584
2021-05-18,-0.007831148760127693,0.0
2021-05-19,-0.0036120076309991145,-0.6116189360618591
2021-05-20,0.011680905978834533,0.0
2021-05-21,0.005441417165234608,0.0
2021-05-24,0.00277176018721792,0.0
2021-05-25,-0.0040805026045050985,-0.9581454992294312
2021-05-26,0.0026433885629553178,-0.958246111869812
2021-05-27,0.0,-0.9289697408676147
2021-05-28,-0.001186419631026836,-0.8778656721115112
2021-06-01,0.009106482185811116,-0.9549182057380676
2021-06-02,0.013994252659443873,0.0
2021-06-03,-0.01534883454051994,-0.9200177788734436
2021-06-04,0.005894696766468588,-0.9385371208190918
2021-06-07,0.01823163210122658,-0.9472829103469849
2021-06-08,0.008057156392039744,-0.6448140740394592
2021-06-09,-0.0035523366643998022,0.0
2021-06-10,-0.0019098928075146349,-0.8902871012687683
2021-06-11,-0.0029340397595739587,-0.9231192469596863
2021-06-14,0.010619287523482956,-0.5759096145629883
2021-06-15,0.004557530635899365,0.0
2021-06-16,-0.009451885272393157,0.8334382772445679
2021-06-17,-0.019974523087347484,0.0
2021-06-18,-0.02648320947882621,-0.5329333543777466
2021-06-21,0.015068802949713245,-0.5549482703208923
2021-06-22,-0.002233496792270473,-0.9066437482833862
2021-06-23,-0.011586459357067369,0.0
2021-06-24,0.005061869605473834,0.6991115212440491
2021-06-25,0.0,0.0
2021-06-28,-0.01882033835750352,0.7477462887763977
2021-06-29,-0.01674994797334295,-0.5230487585067749
2021-06-30,-0.010715756156557954,-0.9343751668930054
2021-07-01,0.0012497428657576304,-0.9447224140167236
2021-07-02,-0.008599050748796078,-0.8954105377197266
2021-07-06,-0.01594872422544069,-0.814649760723114
2021-07-07,0.006255493625785258,-0.9417644739151001
2021-07-08,-0.016530091143583503,0.0
2021-07-09,0.003878718053131225,-0.9215644001960754
2021-07-12,-0.0038637317271288385,0.4398033320903778
2021-07-13,-0.002154905650561756,0.0
2021-07-14,0.0004319118594187099,0.0
2021-07-15,-0.010217313760584212,-0.9488989114761353
2021-07-16,-0.004798002005030111,0.6740285754203796
2021-07-19,-0.031993999008728236,0.0
2021-07-20,0.01011172509224445,0.0
2021-07-21,0.021963214135040987,0.0
2021-07-22,-0.003070122291435995,0.5956298112869263
2021-07-23,-0.0004400703700562225,0.8871516585350037
2021-07-26,0.012470753065761064,0.945085883140564
2021-07-27,-0.004347282258723051,0.8946162462234497
2021-07-28,-0.0011643748326018999,-0.9483096599578857
2021-07-29,-0.055952131176996045,-0.9639628529548645
2021-07-30,-0.02793644376829585,-0.546859860420227
2021-08-02,-0.0004762892291902965,-0.8812112808227539
2021-08-03,-0.006989730632905533,0.0
2021-08-04,-0.018557067865416554,-0.9201369285583496
2021-08-05,0.007987013573515167,-0.9083090424537659
2021-08-06,-0.002425599703165582,-0.9277256727218628
2021-08-09,-0.012643863130200605,0.0
2021-08-10,0.002626836036792257,0.7851611375808716
2021-08-11,0.005239907695221424,-0.9599562287330627
2021-08-12,0.0009773137354438521,0.6736976504325867
2021-08-13,0.008462227078936069,-0.8877080678939819
2021-08-16,0.0004840518546924688,-0.6421668529510498
2021-08-17,-0.012741958395960928,0.0
2021-08-18,-0.006698236682037284,-0.9696335196495056
2021-08-19,-0.015296100567477655,-0.8585650324821472
2021-08-20,0.0015032870717115454,0.8903695940971375
2021-08-23,0.010840624640630292,0.0
2021-08-24,-0.001979846271063068,-0.9405882358551025
2021-08-25,0.007273858910722408,-0.7132959961891174
2021-08-26,-0.0060724924277973935,-0.9667178392410278
2021-08-27,0.013705409189558093,0.9118121266365051
2021-08-30,-0.006189971483415269,-0.7302408218383789
2021-08-31,0.0039337957204692575,-0.5786059498786926
2021-09-01,0.01697958992282178,-0.8942261934280396
2021-09-02,-0.030341926309565004,-0.8870720863342285
2021-09-03,-0.008774922715491629,-0.9405287504196167
2021-09-07,-0.0073491861985680584,0.0
2021-09-08,-0.008413273471933769,-0.8900104761123657
2021-09-09,-0.016969248208157373,-0.5479740500450134
2021-09-10,-0.008803836221364936,0.0
2021-09-13,0.01793810991551359,0.0
2021-09-14,-0.020701420550497396,-0.8678799271583557
2021-09-15,-0.0012230361934859602,0.0
2021-09-16,0.0038482033993032516,-0.8491836190223694
2021-09-17,0.009932037796534399,-0.9646806120872498
2021-09-20,-0.014492773138211179,0.0
2021-09-21,0.011029495151547497,-0.47882676124572754
2021-09-22,0.011428528182716002,0.0
2021-09-23,0.007190625910678428,-0.9138134121894836
2021-09-24,-0.012238763815206943,-0.8330304026603699
2021-09-27,0.027189862255016406,-0.8791704773902893
2021-09-28,-0.0216116326004806,-0.7551704049110413
2021-09-29,-0.014726030417870906,-0.9506879448890686
2021-09-30,-0.020159859849493644,0.0
2021-10-01,0.0021283181344886604,0.0
2021-10-04,-0.001769831680546563,0.7399784922599792
2021-10-05,-0.0039007405512140325,-0.8994176983833313
2021-10-06,-0.02029190565248118,0.0
2021-10-07,-0.004905478957026643,-0.8363233208656311
2021-10-08,0.003286393372437635,0.0
2021-10-11,-0.010555070800683963,-0.9281408786773682
2021-10-12,-0.0029428101360653436,-0.9350999593734741
2021-10-13,0.02600997600119026,0.6981143951416016
2021-10-14,0.013124779524246621,-0.9403485655784607
2021-10-15,-0.018810984977568723,0.9462234973907471
2021-10-18,0.0012661004515446272,-0.8305057287216187
2021-10-19,0.010115502323629455,-0.9244518280029297
2021-10-20,0.009477921578747273,-0.9325905442237854
2021-10-21,-0.00797167641621721,0.0
2021-10-22,0.0037499351945640136,-0.5927201509475708
2021-10-25,0.0008895854631709721,0.0
2021-10-26,0.011553430759042138,0.0
2021-10-27,0.004568616849671692,0.0
2021-10-28,0.09375547123973393,-0.6355684995651245
2021-10-29,-0.020949904315610945,0.0
2021-11-01,-0.01159753556990406,0.0
2021-11-02,-0.007436742034105048,0.7044690847396851
2021-11-03,0.012154515572991409,-0.9020620584487915
2021-11-04,-0.021220567974060578,-0.9298891425132751
2021-11-05,0.021512551119641232,-0.9299524426460266
2021-11-08,-0.008061787498351625,-0.5164259076118469
2021-11-09,-0.002819803817615374,0.0
2021-11-10,0.0,0.0
2021-11-11,-0.0018296888088069618,0.0
2021-11-12,-0.006998843041759795,-0.5090592503547668
2021-11-15,0.007048172091962623,-0.9587710499763489
2021-11-16,-0.0004999266496799049,0.0
2021-11-17,-0.008336061491026281,-0.9073622822761536
2021-11-18,-0.0008406135553905569,0.0
2021-11-19,-0.014975549299473978,0.0
2021-11-22,-0.0006833959124097344,-0.8565680980682373
2021-11-23,0.006837632037406172,0.0
2021-11-24,-0.0033955650417131222,0.5672098398208618
2021-11-26,-0.007666118399840882,0.0
2021-11-29,-0.015278917007810366,-0.6219685673713684
2021-11-30,-0.02859135390284795,-0.863844633102417
2021-12-01,-0.014357553578200455,0.0
2021-12-02,0.026948351503511603,0.0
2021-12-03,0.00106378172292243,0.0
2021-12-06,0.037371597165931414,-0.9015716910362244
2021-12-07,-0.0022195660806276774,-0.9354541897773743
2021-12-08,-0.010266944428010683,-0.9228749871253967
2021-12-09,-0.007607186235698671,-0.9467527270317078
2021-12-10,0.009059232407218953,0.0
2021-12-13,-0.00448894976442904,-0.9412028789520264
2021-12-14,0.0032951314025770895,-0.6030150055885315
2021-12-15,0.0019014847554401637,-0.8952221870422363
2021-12-16,0.024844811659929578,0.8598247766494751
2021-12-17,0.006565655437566598,-0.9092349410057068
2021-12-20,-0.019735763496385506,0.0
2021-12-21,0.02405733989254366,-0.9520633220672607
2021-12-22,0.006164560797148555,0.0
2021-12-23,0.0062924069808827365,-0.8288936018943787
2021-12-27,-0.0013164438613846308,-0.9653679132461548
2021-12-28,-0.0070852210774411395,-0.5073931217193604
2021-12-29,0.0,0.0
2021-12-30,0.004812489003434006,-0.7131057977676392
2021-12-31,0.0,-0.8758746385574341
2022-01-03,0.04624281666188357,0.6115913987159729
2022-01-04,-0.0029991678046983328,0.0
2022-01-05,-0.008233119547080503,0.0
2022-01-06,-0.008141737867600196,0.0
2022-01-07,0.012876211464839749,-0.9562803506851196
2022-01-10,0.02653737255480726,-0.6558595895767212
2022-01-11,0.003096077343580861,-0.6536515951156616
2022-01-12,-0.006790117880854485,-0.8063110113143921
2022-01-13,0.03076439421706012,0.0
2022-01-14,0.022007845466151643,-0.6807587146759033
2022-01-18,-0.013716741985713155,-0.946937620639801
2022-01-19,-0.014505772921109994,-0.8751010894775391
2022-01-20,-0.004704151048240179,0.0
2022-01-21,-0.00701330469968342,-0.96304851770401
2022-01-24,-0.007062778623411203,-0.9595021605491638
2022-01-25,0.00015465440051487533,-0.7029672861099243
2022-01-26,-0.017006759216501743,-0.8127456307411194
2022-01-27,0.0033028683104165957,-0.9158083200454712
2022-01-28,-0.014265496415992618,-0.4933989942073822
2022-01-31,0.0030215850732990823,0.8767372369766235
2022-02-01,0.009513242975973224,0.9465000033378601
2022-02-02,0.0029841554766454337,-0.9752330780029297
2022-02-03,-0.03304109340597028,0.4599262773990631
2022-02-04,-0.009716540242822536,-0.907710075378418
2022-02-07,0.005560102345856688,0.0
2022-02-08,0.00943244636657381,0.5766224265098572
2022-02-09,-0.0033832812905896237,0.0
2022-02-10,0.029421269703951092,-0.9550567269325256
2022-02-11,-0.01743094456390848,0.0
2022-02-14,-0.012306191869098537,-0.9257825016975403
2022-02-15,0.012783194254707198,0.0
2022-02-16,0.026042538217735167,0.0
2022-02-17,-0.016505805177686295,0.832041323184967
2022-02-18,-0.0017416226308010208,0.5659404993057251
2022-02-22,-0.02569390959821738,-0.9209812879562378
2022-02-23,0.019860059758045834,-0.8121936321258545
2022-02-24,-0.009736721531296455,-0.48586100339889526
2022-02-25,0.06463585451352016,0.9428310990333557
2022-02-28,-0.06389105615606872,0.0
2022-03-01,-0.04512373985091378,-0.7738155722618103
2022-03-02,-0.001693756571105931,-0.8997282385826111
2022-03-03,-0.01323379539682612,0.7371635437011719
2022-03-04,-0.03937414038336795,0.7993793487548828
2022-03-07,-0.052264199466185435,0.0
2022-03-08,0.012842313942390993,0.0
2022-03-09,0.06638074326792331,0.0
2022-03-10,-0.02028330605934281,-0.9040155410766602
2022-03-11,-0.002141682862253913,-0.617671549320221
2022-03-14,0.020211083738891356,0.0
2022-03-15,0.006136007268169763,-0.8852224946022034
2022-03-16,0.039728151186137595,-0.5809325575828552
2022-03-17,0.0008380023264471514,-0.9055719375610352
2022-03-18,0.014902893313558874,-0.9297186732292175
2022-03-21,-0.009569396473631642,-0.9372744560241699
2022-03-22,0.0038313421587008456,0.0
2022-03-23,-0.025721781071640804,0.0
2022-03-24,0.007153816085311959,0.0
2022-03-25,0.006426491513386923,0.880511999130249
2022-03-28,0.013611166229052785,0.0
2022-03-29,0.025033158236109854,-0.8855651617050171
2022-03-30,-0.007116280804634889,0.6391008496284485
2022-03-31,-0.021664773061711995,0.0
2022-04-01,0.019313991814734033,-0.9172425866127014
2022-04-04,0.009637416543873734,0.0
2022-04-05,-0.016340449033582338,0.0
2022-04-06,-0.01726969572553949,0.0
2022-04-07,-0.021422606307924474,0.0
2022-04-08,0.005301791677228218,0.5225802063941956
2022-04-11,-0.004933594475595715,-0.9497917294502258
2022-04-12,-0.009232331018640072,-0.7643247842788696
2022-04-13,0.010871455085459836,-0.8958724141120911
2022-04-14,0.00341404693360281,0.0
2022-04-18,-0.0010206429585926102,0.0
2022-04-19,0.008003958085233132,0.0
2022-04-20,0.03885801016487145,0.9476982355117798
2022-04-21,-0.0008131988248915034,0.0
2022-04-22,-0.03466789797970238,0.0
2022-04-25,0.004215114882852422,0.0
2022-04-26,-0.021994649916375897,-0.5623582005500793
2022-04-27,-0.013562189276032033,-0.8065342903137207
2022-04-28,0.008875712319156959,-0.4991166591644287
2022-04-29,-0.008970156002332641,0.0
2022-05-02,-0.017754582917380635,0.0
2022-05-03,0.017231156696291494,0.0
2022-05-04,0.02603348452962373,-0.9170359373092651
2022-05-05,-0.02142977823450265,0.5535743832588196
2022-05-06,-0.036440155073306,-0.7175297737121582
2022-05-09,-0.016909104822059096,0.0
2022-05-10,0.01091182935392454,0.0
2022-05-11,0.0009147053682889705,0.0
2022-05-12,-0.012429175471057374,-0.8133965134620667
2022-05-13,0.03664632428772463,-0.5504860877990723
2022-05-16,0.011783615243737833,-0.9700422286987305
2022-05-17,0.017116649692480168,0.0
2022-05-18,-0.04181124978887896,-0.9438899755477905
2022-05-19,-0.021184129134466545,0.0
2022-05-20,0.0038845873360509042,-0.9560785293579102
2022-05-23,0.02321719182828552,-0.6074110269546509
2022-05-24,-0.005222339338265991,0.0
2022-05-25,0.015568343717126565,0.0
2022-05-26,0.006773651030697048,0.0
2022-05-27,0.0030100013828939787,0.7008797526359558
2022-05-31,0.0008825735755411124,0.5703477263450623
2022-06-01,-0.028747809058628837,-0.9435994029045105
2022-06-02,0.010713614008690975,0.0
2022-06-03,-0.002335631122760473,-0.775829017162323
2022-06-06,0.005762689333899118,0.0
2022-06-07,0.008415387274720354,0.0
2022-06-08,-0.0202414361637121,-0.8356115221977234
2022-06-09,-0.036426287529758405,-0.9304817318916321
2022-06-10,-0.017114930775329662,0.0
2022-06-13,-0.012246467847151998,0.0
2022-06-14,-0.01104220960388036,-0.9629126191139221
2022-06-15,0.03506366254155524,-0.6126953363418579
2022-06-16,-0.025927297163984786,0.0
2022-06-17,0.004274311295257016,0.0
2022-06-21,0.00019349735249574174,0.0
2022-06-22,0.00870405177429956,0.8131116628646851
2022-06-23,0.010354689523833338,0.0
2022-06-24,0.02372364885575795,-0.6942792534828186
2022-06-27,0.0025956058049516617,-0.9380705952644348
2022-06-28,0.0020339052818008074,-0.6197620034217834
2022-06-29,-0.004613408123871787,0.0
2022-06-30,0.0001854976517243756,0.0
2022-07-01,0.020945312411015715,-0.9648511409759521
